date,text,page
,web-scraping.dev Docs API Graphql Products Reviews Testimonials File Download login Clear Continue,1
,Docs API Graphql Products Reviews Testimonials File Download login Clear Continue,1
,Latest Product Reviews reviewing policy code of conduct Load More,1
,Latest Product Reviews reviewing policy code of conduct,1
,reviewing policy code of conduct,1
,SCRAPFLY ACADEMY API Docs Sitemap Blog GitHub v1.3.0 made by ScrapFly,1
,web-scraping.dev Docs API Graphql Products Reviews Testimonials File Download login Clear Continue,2
,Docs API Graphql Products Reviews Testimonials File Download login Clear Continue,2
,Latest Product Reviews reviewing policy code of conduct Load More,2
,Latest Product Reviews reviewing policy code of conduct,2
,reviewing policy code of conduct,2
,SCRAPFLY ACADEMY API Docs Sitemap Blog GitHub v1.3.0 made by ScrapFly,2
,web-scraping.dev Docs API Graphql Products Reviews Testimonials File Download login Clear Continue,3
,Docs API Graphql Products Reviews Testimonials File Download login Clear Continue,3
,Latest Product Reviews reviewing policy code of conduct Load More,3
,Latest Product Reviews reviewing policy code of conduct,3
,reviewing policy code of conduct,3
,SCRAPFLY ACADEMY API Docs Sitemap Blog GitHub v1.3.0 made by ScrapFly,3
,web-scraping.dev Docs API Graphql Products Reviews Testimonials File Download login Clear Continue,4
,Docs API Graphql Products Reviews Testimonials File Download login Clear Continue,4
,Latest Product Reviews reviewing policy code of conduct Load More,4
,Latest Product Reviews reviewing policy code of conduct,4
,reviewing policy code of conduct,4
,SCRAPFLY ACADEMY API Docs Sitemap Blog GitHub v1.3.0 made by ScrapFly,4
,web-scraping.dev Docs API Graphql Products Reviews Testimonials File Download login Clear Continue,5
,Docs API Graphql Products Reviews Testimonials File Download login Clear Continue,5
,Latest Product Reviews reviewing policy code of conduct Load More,5
,Latest Product Reviews reviewing policy code of conduct,5
,reviewing policy code of conduct,5
,SCRAPFLY ACADEMY API Docs Sitemap Blog GitHub v1.3.0 made by ScrapFly,5
,web-scraping.dev Docs API Graphql Products Reviews Testimonials File Download login Clear Continue,6
,Docs API Graphql Products Reviews Testimonials File Download login Clear Continue,6
,Latest Product Reviews reviewing policy code of conduct Load More,6
,Latest Product Reviews reviewing policy code of conduct,6
,reviewing policy code of conduct,6
,SCRAPFLY ACADEMY API Docs Sitemap Blog GitHub v1.3.0 made by ScrapFly,6
,web-scraping.dev Docs API Graphql Products Reviews Testimonials File Download login Clear Continue,7
,Docs API Graphql Products Reviews Testimonials File Download login Clear Continue,7
,Latest Product Reviews reviewing policy code of conduct Load More,7
,Latest Product Reviews reviewing policy code of conduct,7
,reviewing policy code of conduct,7
,SCRAPFLY ACADEMY API Docs Sitemap Blog GitHub v1.3.0 made by ScrapFly,7
,web-scraping.dev Docs API Graphql Products Reviews Testimonials File Download login Clear Continue,8
,Docs API Graphql Products Reviews Testimonials File Download login Clear Continue,8
,Latest Product Reviews reviewing policy code of conduct Load More,8
,Latest Product Reviews reviewing policy code of conduct,8
,reviewing policy code of conduct,8
,SCRAPFLY ACADEMY API Docs Sitemap Blog GitHub v1.3.0 made by ScrapFly,8
,web-scraping.dev Docs API Graphql Products Reviews Testimonials File Download login Clear Continue,9
,Docs API Graphql Products Reviews Testimonials File Download login Clear Continue,9
,Latest Product Reviews reviewing policy code of conduct Load More,9
,Latest Product Reviews reviewing policy code of conduct,9
,reviewing policy code of conduct,9
,SCRAPFLY ACADEMY API Docs Sitemap Blog GitHub v1.3.0 made by ScrapFly,9
,web-scraping.dev Docs API Graphql Products Reviews Testimonials File Download login Clear Continue,10
,Docs API Graphql Products Reviews Testimonials File Download login Clear Continue,10
,Latest Product Reviews reviewing policy code of conduct Load More,10
,Latest Product Reviews reviewing policy code of conduct,10
,reviewing policy code of conduct,10
,SCRAPFLY ACADEMY API Docs Sitemap Blog GitHub v1.3.0 made by ScrapFly,10
,web-scraping.dev Docs API Graphql Products Reviews Testimonials File Download login Clear Continue,11
,Docs API Graphql Products Reviews Testimonials File Download login Clear Continue,11
,Latest Product Reviews reviewing policy code of conduct Load More,11
,Latest Product Reviews reviewing policy code of conduct,11
,reviewing policy code of conduct,11
,SCRAPFLY ACADEMY API Docs Sitemap Blog GitHub v1.3.0 made by ScrapFly,11
,web-scraping.dev Docs API Graphql Products Reviews Testimonials File Download login Clear Continue,12
,Docs API Graphql Products Reviews Testimonials File Download login Clear Continue,12
,Latest Product Reviews reviewing policy code of conduct Load More,12
,Latest Product Reviews reviewing policy code of conduct,12
,reviewing policy code of conduct,12
,SCRAPFLY ACADEMY API Docs Sitemap Blog GitHub v1.3.0 made by ScrapFly,12
